{
  "database": "OpsecWorks Credit Card Database",
  "extracted_date": "2026-01-15T14:23:11Z",
  "total_records": 15,
  "classification": "TOP SECRET",
  "records": [
    {
      "id": "CC-2000",
      "cardholder_name": "Emily Brown",
      "card_number": "5745 8171 7526 9186",
      "card_type": "Mastercard",
      "expiry_date": "11/29",
      "cvv": "118",
      "billing_zip": "L4C1H8",
      "credit_limit": 15000,
      "current_balance": 1260
    },
    {
      "id": "CC-2001",
      "cardholder_name": "Michael Smith",
      "card_number": "3722 950271 70644",
      "card_type": "Amex",
      "expiry_date": "01/30",
      "cvv": "975",
      "billing_zip": "M4H6A7",
      "credit_limit": 50000,
      "current_balance": 9495
    },
    {
      "id": "CC-2002",
      "cardholder_name": "Emily Moore",
      "card_number": "5738 7730 1845 2041",
      "card_type": "Mastercard",
      "expiry_date": "02/27",
      "cvv": "914",
      "billing_zip": "V2H6E1",
      "credit_limit": 50000,
      "current_balance": 14709
    },
    {
      "id": "CC-2003",
      "cardholder_name": "James Taylor",
      "card_number": "3452 144033 79134",
      "card_type": "Amex",
      "expiry_date": "01/26",
      "cvv": "207",
      "billing_zip": "M2G7C1",
      "credit_limit": 25000,
      "current_balance": 7505
    },
    {
      "id": "CC-2004",
      "cardholder_name": "William Moore",
      "card_number": "4457 7718 8773 9605",
      "card_type": "Visa",
      "expiry_date": "08/29",
      "cvv": "998",
      "billing_zip": "T9B5B1",
      "credit_limit": 50000,
      "current_balance": 11227
    },
    {
      "id": "CC-2005",
      "cardholder_name": "Michael Garcia",
      "card_number": "4247 8373 4669 9637",
      "card_type": "Visa",
      "expiry_date": "05/28",
      "cvv": "351",
      "billing_zip": "K7E6C6",
      "credit_limit": 15000,
      "current_balance": 1388
    },
    {
      "id": "CC-2006",
      "cardholder_name": "Thomas Davis",
      "card_number": "3196 792834 55381",
      "card_type": "Amex",
      "expiry_date": "01/28",
      "cvv": "501",
      "billing_zip": "K6B8H5",
      "credit_limit": 10000,
      "current_balance": 5983
    },
    {
      "id": "CC-2007",
      "cardholder_name": "James Garcia",
      "card_number": "4721 2636 9714 6761",
      "card_type": "Visa",
      "expiry_date": "01/30",
      "cvv": "987",
      "billing_zip": "K6B5G8",
      "credit_limit": 25000,
      "current_balance": 5506
    },
    {
      "id": "CC-2008",
      "cardholder_name": "James Martinez",
      "card_number": "5798 1847 4573 9837",
      "card_type": "Mastercard",
      "expiry_date": "08/26",
      "cvv": "468",
      "billing_zip": "M8B1B6",
      "credit_limit": 50000,
      "current_balance": 9764
    },
    {
      "id": "CC-2009",
      "cardholder_name": "John Miller",
      "card_number": "3595 439514 23641",
      "card_type": "Amex",
      "expiry_date": "10/30",
      "cvv": "189",
      "billing_zip": "L5G2H6",
      "credit_limit": 10000,
      "current_balance": 4236
    },
    {
      "id": "CC-2010",
      "cardholder_name": "Lisa Anderson",
      "card_number": "4221 5315 5825 1409",
      "card_type": "Visa",
      "expiry_date": "07/27",
      "cvv": "743",
      "billing_zip": "V8E9G3",
      "credit_limit": 5000,
      "current_balance": 11457
    },
    {
      "id": "CC-2011",
      "cardholder_name": "Sarah Davis",
      "card_number": "5631 3089 5788 4922",
      "card_type": "Mastercard",
      "expiry_date": "01/28",
      "cvv": "597",
      "billing_zip": "M1B8G5",
      "credit_limit": 25000,
      "current_balance": 14067
    },
    {
      "id": "CC-2012",
      "cardholder_name": "William Anderson",
      "card_number": "3757 960454 33932",
      "card_type": "Amex",
      "expiry_date": "05/27",
      "cvv": "957",
      "billing_zip": "T7B6G8",
      "credit_limit": 50000,
      "current_balance": 7407
    },
    {
      "id": "CC-2013",
      "cardholder_name": "James Wilson",
      "card_number": "5645 5551 4106 2014",
      "card_type": "Mastercard",
      "expiry_date": "06/30",
      "cvv": "760",
      "billing_zip": "K9C3E4",
      "credit_limit": 25000,
      "current_balance": 7751
    },
    {
      "id": "CC-2014",
      "cardholder_name": "Jane Wilson",
      "card_number": "5173 4022 4722 8227",
      "card_type": "Mastercard",
      "expiry_date": "06/28",
      "cvv": "902",
      "billing_zip": "K3C8H1",
      "credit_limit": 50000,
      "current_balance": 6652
    }
  ]
}